,accuracy,auc,aupr,f1,precision,recall
P-net_ALL,0.7868852459016393,0.8669365721997302,0.8845834324156554,0.7968749999999999,0.8095238095238095,0.7846153846153846
