,accuracy,auc,aupr,f1,precision,recall
P-net_ALL,0.770949720670391,0.8465767116441779,0.8481829352558994,0.7759562841530054,0.7802197802197802,0.7717391304347826
