,loss,lr,o1_f1,o1_loss,o2_f1,o2_loss,o3_f1,o3_loss,val_loss,val_o1_f1,val_o1_loss,val_o2_f1,val_o2_loss,val_o3_f1,val_o3_loss
0,266.96813716537997,0.00800000037997961,0.635353516249519,0.6270928786495539,0.627896228174525,0.6073847549950356,0.5799500871831038,0.6325990950341612,221.84139411004034,0.8062239453032777,0.5425860076160222,0.8438816319455157,0.4898366423753592,0.8050154545804956,0.5259983434781923
1,239.02193404871022,0.00800000037997961,0.6874878824226499,0.5789380131431139,0.722064027166742,0.5521981777950847,0.7060198829242876,0.5656190212630224,210.6537312937307,0.8159595144974007,0.5841630959248805,0.8077182468477186,0.48487581460030527,0.8032457658222744,0.4980431487272074
2,227.72590164625112,0.00800000037997961,0.7059859527064747,0.5637675113096012,0.7293935838959661,0.5329335681566103,0.7293017383009743,0.5383062562135261,210.75234197260258,0.8159595144974007,0.5832604615242927,0.7915241652792626,0.4905973915215377,0.8312869949655218,0.49780566482753547
3,221.7238017405112,0.00800000037997961,0.7219119208065543,0.5475857044298817,0.7419360944918134,0.519637681837157,0.7546690655505564,0.523822208167374,216.4836660531851,0.8086079850301637,0.5860275390383961,0.7880071794593727,0.5058089278556488,0.8417272973846603,0.5110895594397744
4,213.34151997403524,0.00800000037997961,0.7455044582759928,0.5203357437464196,0.7540071059086817,0.4995353768660328,0.7630129076364472,0.5036995967072765,210.88429629147709,0.672190649823828,0.5412158180069138,0.701780902160393,0.5174631771150526,0.8035543371032883,0.4963659460727985
