,accuracy,auc,aupr,f1,precision,recall
P-net_ALL,0.7704918032786885,0.852361673414305,0.8734286797423982,0.7812500000000001,0.7936507936507936,0.7692307692307693
