,accuracy,auc,aupr,f1,precision,recall
P-net_ALL,0.7301587301587301,0.8580824690108778,0.8828288573711216,0.7702702702702703,0.7037037037037037,0.8507462686567164
