,loss,lr,o1_f1,o1_loss,o2_f1,o2_loss,o3_f1,o3_loss,val_loss,val_o1_f1,val_o1_loss,val_o2_f1,val_o2_loss,val_o3_f1,val_o3_loss
0,281.54089965285385,0.00800000037997961,0.6062202611897307,0.6288392267448666,0.5856963960253074,0.6360020377884613,0.4791939180217011,0.6678205394723977,232.73892211914062,0.6979166269302368,0.5094930529594421,0.7461537718772888,0.5378148853778839,0.716112494468689,0.5511364042758942
1,249.40386061538842,0.00800000037997961,0.6879671779146955,0.5723131710661805,0.6753065328029663,0.579537343916195,0.6556972235989716,0.5904173793550336,236.6525115966797,0.752380907535553,0.6522607505321503,0.7437499463558197,0.5301795601844788,0.7529411613941193,0.5605831742286682
2,240.99504057259855,0.00800000037997961,0.6885598920919099,0.5697656752089468,0.7084000737493651,0.565070593963058,0.7029267679067372,0.5700768910929573,199.57711029052734,0.7616724073886871,0.6255355179309845,0.770833283662796,0.4650217592716217,0.7857142388820648,0.47121044993400574
3,232.5318724141635,0.00800000037997961,0.7057564118052657,0.5772064163640964,0.7127000214654453,0.545931083188571,0.7217703778737475,0.5497378580513803,196.53520965576172,0.7269840836524963,0.750861406326294,0.7499999105930328,0.46580740809440613,0.7983192503452301,0.46282514929771423
4,226.0504995575085,0.00800000037997961,0.716182195858199,0.5597480099311949,0.7280841619168114,0.531861255139661,0.734970232930547,0.5342093826019377,199.42554473876953,0.7166666090488434,0.7945681512355804,0.7658801674842834,0.4766424298286438,0.7772599458694458,0.46913769841194153
