,loss,lr,o1_f1,o1_loss,o2_f1,o2_loss,o3_f1,o3_loss,val_loss,val_o1_f1,val_o1_loss,val_o2_f1,val_o2_loss,val_o3_f1,val_o3_loss
0,279.81492778372257,0.00800000037997961,0.552531681770974,0.6742341034970385,0.5335116612657588,0.6424379515140615,0.4659911450933903,0.6628073612933463,216.6404807457557,0.6709450061504657,0.49651424999420457,0.7274012638972356,0.5087601244449615,0.7274012638972356,0.5121845474609962
1,250.08085397273936,0.00800000037997961,0.6530607603458648,0.583327988944155,0.6490063580553582,0.5891605229073382,0.6005932697336724,0.5913188558436454,207.33934619610127,0.7150182870718149,0.4959797492394081,0.7817249004657452,0.4821584508969234,0.7817249004657452,0.4900765462563588
2,250.11706491023935,0.00800000037997961,0.6720402517217271,0.5755676287793099,0.6758506938751707,0.5845245905379032,0.6683726592266813,0.591556013543555,203.08492572490985,0.6928774613600511,0.5000463123504932,0.7938461010272686,0.48291363761975215,0.7938461010272686,0.4793435316819411
3,242.8477050651388,0.00800000037997961,0.6897988191056759,0.57800987586062,0.6943372152206746,0.5643588403691637,0.6980914999069051,0.5742644499464238,210.952151958759,0.6449230487530048,0.5188831797012916,0.7576119349553034,0.525046130327078,0.7938461010272686,0.4967122316360474
4,240.2477749568858,0.00800000037997961,0.7035922348245661,0.5698055050728169,0.7102581894651372,0.5517445013624557,0.7145646306301685,0.568318377783958,237.38648728590746,0.6609686044546274,0.5193936797288748,0.7746605799748347,0.524762775347783,0.7838056124173678,0.5627248287200928
