,loss,lr,o1_f1,o1_loss,o2_f1,o2_loss,o3_f1,o3_loss,val_loss,val_o1_f1,val_o1_loss,val_o2_f1,val_o2_loss,val_o3_f1,val_o3_loss
0,268.02123085978155,0.00800000037997961,0.6293737449006591,0.6223674419154,0.6086948633611882,0.6159337759017944,0.6120838842613461,0.6347989555412379,246.69757843017578,0.7714285552501678,0.6164629459381104,0.8195291459560394,0.5250540673732758,0.7714285552501678,0.58605095744133
1,238.50469528051138,0.00800000037997961,0.7065675155725738,0.5614548504195853,0.7193172502475909,0.5510060678543907,0.6855283431793701,0.5644381921558814,225.10832977294922,0.7529411613941193,0.632018119096756,0.8074323534965515,0.49463604390621185,0.8041957914829254,0.5333928763866425
2,228.401383141694,0.00800000037997961,0.7023992257928974,0.55683284402416,0.731398219815688,0.5351217748771938,0.7222365452259074,0.5398601060578114,215.43080139160156,0.7616724073886871,0.6483635604381561,0.7747252285480499,0.48980361223220825,0.7758912742137909,0.5091799795627594
3,222.0991736904348,0.00800000037997961,0.7357237768946354,0.5376675944386816,0.7343289814530288,0.5225476986686981,0.7387857283551269,0.5245925143400271,215.81044006347656,0.7431850135326385,0.6911128163337708,0.7285902500152588,0.5033219456672668,0.7758912742137909,0.5089471787214279
4,213.63487163413313,0.00800000037997961,0.759013568853517,0.5189482975852374,0.751317219918073,0.50547754908214,0.7634153220864579,0.5040842203274827,215.81327056884766,0.7084966897964478,0.754021406173706,0.6856060028076172,0.5185608863830566,0.7990989983081818,0.5075416415929794
