,accuracy,auc,aupr,f1,precision,recall
P-net_ALL,0.7868852459016393,0.8658569500674765,0.9002328148974852,0.7903225806451613,0.8305084745762712,0.7538461538461538
