,loss,lr,o1_f1,o1_loss,o2_f1,o2_loss,o3_f1,o3_loss,val_loss,val_o1_f1,val_o1_loss,val_o2_f1,val_o2_loss,val_o3_f1,val_o3_loss
0,290.6815841768417,0.00800000037997961,0.5928258253857297,0.6541294386572842,0.48766950292612354,0.6681140067805124,0.3705008883522228,0.6890598980091205,263.8237991333008,0.7230575978755951,0.5793355405330658,0.6726286709308624,0.6495636701583862,0.680555522441864,0.6231322884559631
1,248.17411645058473,0.00800000037997961,0.6740829787893738,0.5843833134845096,0.6864939585889671,0.5796852705250907,0.6696129619918509,0.5873057750575277,218.83258056640625,0.8149920105934143,0.5775071680545807,0.8195291459560394,0.49129618704319,0.8386823236942291,0.5184209644794464
2,237.90530818100044,0.00800000037997961,0.7010446818223864,0.5585395200382085,0.7006495278410281,0.5517330689194117,0.6986460569759506,0.5630743653757545,229.83746337890625,0.7234443128108978,0.6178171038627625,0.822916567325592,0.49771228432655334,0.8263717889785767,0.545335054397583
3,232.277503760001,0.00800000037997961,0.7125764829771859,0.5417639063858966,0.7185527779991223,0.5384253001756358,0.7105432184091479,0.5496515112420532,242.04421997070312,0.8041957914829254,0.5912002325057983,0.8106060326099396,0.5250528752803802,0.8034054934978485,0.5744696855545044
4,224.652973131586,0.00800000037997961,0.7274737759810807,0.5166891193463027,0.7383706083326983,0.516432657877047,0.7195296416566833,0.5316536661097087,252.78551483154297,0.838383823633194,0.5521818995475769,0.8106060326099396,0.5791858434677124,0.7669682502746582,0.5985987186431885
