,accuracy,auc,aupr,f1,precision,recall
P-net_ALL,0.7704918032786885,0.8124156545209177,0.8407152068021229,0.7741935483870969,0.8135593220338984,0.7384615384615385
