,accuracy,auc,aupr,f1,precision,recall
L2 Logistic Regression_data_0,0.6424581005586593,0.7564967516241878,0.7677264814526845,0.709090909090909,0.609375,0.8478260869565217
RBF Support Vector Machine _data_0,0.6927374301675978,0.7501249375312343,0.7354112503386988,0.6820809248554912,0.7283950617283951,0.6413043478260869
Linear Support Vector Machine _data_0,0.7206703910614525,0.7552473763118441,0.7665791223194771,0.7159090909090908,0.75,0.6847826086956522
Random Forest_data_0,0.6983240223463687,0.7353823088455772,0.7064227752713222,0.6966292134831461,0.7209302325581395,0.6739130434782609
Adaptive Boosting_data_0,0.7318435754189944,0.7924787606196901,0.7486098113815948,0.7,0.8235294117647058,0.6086956521739131
Decision Tree_data_0,0.7430167597765364,0.7661169415292354,0.7594077905941808,0.7195121951219512,0.8194444444444444,0.6413043478260869
